{"dist_budget": 3.33421944910978, "leak_rates": [5.379279575106378, 2.205371220287379, 2.615189551593761, 5.351540130094032, 4.837163934276514, 4.223331501242198, 0.6013613238738067, 5.516895682468041, 4.285447797294669, 5.993082039407199, 0.8966898279479625, 5.208756344209285, 0.9749576080582489, 3.693357385703065, 0.7429198970966491, 5.088049375933407, 4.843913752350064, 3.41460443168756, 2.443099783355998, 0.4150019727308283, 4.184572638867381, 2.721256096068413, 4.332333596822087, 5.198293955571775, 5.853129030017315], "avg_node_connectivity": 1.026829268292683, "iter_time": {"map_937": 1200.464783191681, "map_968": 1203.6811113357544, "map_974": 1215.5759043693542, "map_980": 1200.265009880066, "map_986": 1204.2043929100037, "map_987": 1200.6436631679535}, "iter_eer": {"map_937": 27842.052913910968, "map_968": 71281.52141621738, "map_974": 31222.55764449999, "map_980": 23716.925971730267, "map_986": 53351.81354325606, "map_987": 38720.656715775636}, "iter_path": {"map_937": [[0, 1], [1, 28], [28, 1], [1, 28], [28, 26], [26, 27], [27, 26], [26, 27], [27, 26], [26, 27], [27, 26], [26, 27], [27, 26], [26, 25], [25, 26], [26, 28], [28, 1], [1, 31], [31, 33], [33, 31], [31, 33], [33, 31], [31, 33], [33, 31], [31, 24], [24, 31], [31, 1], [1, 0]], "map_968": [[0, 1], [1, 9], [9, 21], [21, 9], [9, 1], [1, 8], [8, 4], [4, 8], [8, 4], [4, 3], [3, 5], [5, 3], [3, 4], [4, 3], [3, 0], [0, 2], [2, 11], [11, 13], [13, 11], [11, 2], [2, 0]], "map_974": [[0, 1], [1, 0], [0, 3], [3, 5], [5, 3], [3, 5], [5, 3], [3, 5], [5, 3], [3, 5], [5, 3], [3, 5], [5, 3], [3, 5], [5, 3], [3, 5], [5, 3], [3, 5], [5, 3], [3, 5], [5, 3], [3, 5], [5, 3], [3, 5], [5, 3], [3, 5], [5, 3], [3, 5], [5, 3], [3, 5], [5, 3], [3, 5], [5, 3], [3, 5], [5, 3], [3, 5], [5, 3], [3, 5], [5, 3], [3, 5], [5, 3], [3, 5], [5, 3], [3, 5], [5, 3], [3, 5], [5, 3], [3, 5], [5, 3], [3, 5], [5, 3], [3, 5], [5, 3], [3, 5], [5, 3], [3, 5], [5, 3], [3, 5], [5, 3], [3, 5], [5, 3], [3, 5], [5, 3], [3, 5], [5, 3], [3, 5], [5, 3], [3, 5], [5, 3], [3, 5], [5, 3], [3, 5], [5, 3], [3, 5], [5, 3], [3, 5], [5, 3], [3, 5], [5, 3], [3, 5], [5, 3], [3, 5], [5, 3], [3, 5], [5, 3], [3, 5], [5, 3], [3, 5], [5, 3], [3, 5], [5, 3], [3, 5], [5, 3], [3, 5], [5, 3], [3, 5], [5, 3], [3, 5], [5, 3], [3, 5], [5, 3], [3, 5], [5, 3], [3, 5], [5, 3], [3, 5], [5, 3], [3, 5], [5, 3], [3, 5], [5, 3], [3, 5], [5, 3], [3, 5], [5, 3], [3, 5], [5, 3], [3, 5], [5, 3], [3, 5], [5, 3], [3, 5], [5, 3], [3, 5], [5, 3], [3, 5], [5, 3], [3, 5], [5, 3], [3, 5], [5, 3], [3, 5], [5, 3], [3, 5], [5, 3], [3, 5], [5, 3], [3, 5], [5, 3], [3, 5], [5, 3], [3, 5], [5, 3], [3, 5], [5, 3], [3, 5], [5, 3], [3, 5], [5, 3], [3, 5], [5, 3], [3, 5], [5, 3], [3, 5], [5, 3], [3, 5], [5, 3], [3, 5], [5, 3], [3, 5], [5, 3], [3, 5], [5, 3], [3, 5], [5, 3], [3, 5], [5, 3], [3, 5], [5, 3], [3, 5], [5, 3], [3, 5], [5, 3], [3, 5], [5, 3], [3, 5], [5, 3], [3, 5], [5, 3], [3, 5], [5, 3], [3, 5], [5, 3], [3, 5], [5, 3], [3, 5], [5, 3], [3, 5], [5, 3], [3, 5], [5, 3], [3, 5], [5, 3], [3, 5], [5, 3], [3, 5], [5, 3], [3, 5], [5, 3], [3, 5], [5, 3], [3, 5], [5, 3], [3, 5], [5, 3], [3, 5], [5, 3], [3, 5], [5, 3], [3, 5], [5, 3], [3, 5], [5, 3], [3, 5], [5, 3], [3, 5], [5, 3], [3, 5], [5, 3], [3, 5], [5, 3], [3, 5], [5, 3], [3, 5], [5, 3], [3, 5], [5, 3], [3, 5], [5, 3], [3, 5], [5, 3], [3, 5], [5, 3], [3, 5], [5, 3], [3, 5], [5, 3], [3, 5], [5, 3], [3, 5], [5, 3], [3, 5], [5, 3], [3, 5], [5, 3], [3, 5], [5, 3], [3, 5], [5, 3], [3, 5], [5, 3], [3, 5], [5, 3], [3, 5], [5, 3], [3, 5], [5, 3], [3, 5], [5, 3], [3, 5], [5, 3], [3, 5], [5, 3], [3, 5], [5, 3], [3, 5], [5, 3], [3, 5], [5, 3], [3, 5], [5, 3], [3, 5], [5, 3], [3, 5], [5, 3], [3, 5], [5, 3], [3, 5], [5, 3], [3, 5], [5, 3], [3, 5], [5, 3], [3, 5], [5, 3], [3, 5], [5, 3], [3, 5], [5, 3], [3, 5], [5, 3], [3, 5], [5, 3], [3, 5], [5, 3], [3, 5], [5, 3], [3, 5], [5, 3], [3, 5], [5, 3], [3, 5], [5, 3], [3, 5], [5, 3], [3, 5], [5, 3], [3, 5], [5, 3], [3, 5], [5, 3], [3, 5], [5, 3], [3, 5], [5, 3], [3, 5], [5, 3], [3, 5], [5, 3], [3, 5], [5, 3], [3, 5], [5, 3], [3, 5], [5, 3], [3, 5], [5, 3], [3, 5], [5, 3], [3, 5], [5, 3], [3, 5], [5, 3], [3, 5], [5, 3], [3, 5], [5, 3], [3, 4], [4, 3], [3, 5], [5, 3], [3, 5], [5, 3], [3, 5], [5, 3], [3, 5], [5, 3], [3, 5], [5, 3], [3, 5], [5, 3], [3, 5], [5, 3], [3, 5], [5, 3], [3, 5], [5, 3], [3, 5], [5, 3], [3, 5], [5, 3], [3, 5], [5, 3], [3, 5], [5, 3], [3, 0], [0, 2], [2, 6], [6, 2], [2, 0]], "map_980": [[0, 1], [1, 0], [0, 3], [3, 30], [30, 28], [28, 27], [27, 28], [28, 27], [27, 28], [28, 27], [27, 28], [28, 27], [27, 28], [28, 27], [27, 28], [28, 27], [27, 28], [28, 27], [27, 28], [28, 27], [27, 28], [28, 27], [27, 28], [28, 27], [27, 26], [26, 27], [27, 26], [26, 27], [27, 26], [26, 27], [27, 26], [26, 27], [27, 26], [26, 27], [27, 26], [26, 27], [27, 26], [26, 27], [27, 26], [26, 27], [27, 26], [26, 27], [27, 29], [29, 18], [18, 17], [17, 3], [3, 0]], "map_986": [[0, 1], [1, 20], [20, 22], [22, 27], [27, 22], [22, 27], [27, 22], [22, 27], [27, 22], [22, 27], [27, 22], [22, 27], [27, 22], [22, 27], [27, 22], [22, 27], [27, 22], [22, 27], [27, 22], [22, 27], [27, 22], [22, 27], [27, 22], [22, 27], [27, 22], [22, 27], [27, 22], [22, 20], [20, 21], [21, 32], [32, 33], [33, 32], [32, 23], [23, 1], [1, 0], [0, 3], [3, 0], [0, 2], [2, 19], [19, 2], [2, 0]], "map_987": [[0, 1], [1, 3], [3, 34], [34, 33], [33, 35], [35, 33], [33, 35], [35, 33], [33, 35], [35, 5], [5, 4], [4, 5], [5, 35], [35, 33], [33, 34], [34, 3], [3, 1], [1, 0], [0, 2], [2, 0]]}, "iter_cost": {"map_937": 3.192957017212804, "map_968": 2.735171742615098, "map_974": 3.246837421566767, "map_980": 2.928302892400978, "map_986": 2.8748520068355106, "map_987": 3.283081722100733}, "iter_mse": {"map_937": 4.018398510740847e-05, "map_968": 2.5082866025413398e-05, "map_974": 8.126268406777512e-05, "map_980": 5.333699725193641e-05, "map_986": 2.360940099906923e-05, "map_987": 0.00010763394054318514}, "arp_gcb_time": {"map_937": 26.914960861206055, "map_968": 14.917851209640503, "map_974": 263.8525114059448, "map_980": 8.770870923995972, "map_986": 36.76810956001282, "map_987": 69.05162334442139}, "arp_gcb_eer": {"map_937": 73783.58132619911, "map_968": 77486.74811222071, "map_974": 178563.27622763754, "map_980": 49640.24182567463, "map_986": 110498.84235012466, "map_987": 38720.656715775636}, "arp_gcb_path": {"map_937": [[0, 1], [1, 28], [28, 1], [1, 31], [31, 33], [33, 31], [31, 24], [24, 4], [4, 2], [2, 3], [3, 21], [21, 22], [22, 21], [21, 18], [18, 17], [17, 18], [18, 20], [20, 18], [18, 21], [21, 3], [3, 5], [5, 6], [6, 8], [8, 9], [9, 10], [10, 11], [11, 7], [7, 6], [6, 5], [5, 3], [3, 5], [5, 2], [2, 4], [4, 24], [24, 31], [31, 1], [1, 0]], "map_968": [[0, 1], [1, 9], [9, 21], [21, 9], [9, 1], [1, 8], [8, 4], [4, 3], [3, 5], [5, 3], [3, 0], [0, 2], [2, 11], [11, 13], [13, 11], [11, 2], [2, 14], [14, 2], [2, 0]], "map_974": [[0, 1], [1, 0], [0, 3], [3, 5], [5, 3], [3, 4], [4, 3], [3, 0], [0, 2], [2, 6], [6, 2], [2, 8], [8, 34], [34, 31], [31, 33], [33, 29], [29, 28], [28, 30], [30, 28], [28, 29], [29, 35], [35, 32], [32, 31], [31, 32], [32, 36], [36, 37], [37, 36], [36, 25], [25, 24], [24, 23], [23, 13], [13, 21], [21, 22], [22, 21], [21, 18], [18, 20], [20, 18], [18, 16], [16, 15], [15, 16], [16, 19], [19, 16], [16, 18], [18, 21], [21, 13], [13, 23], [23, 24], [24, 26], [26, 54], [54, 26], [26, 29], [29, 33], [33, 8], [8, 2], [2, 0]], "map_980": [[0, 1], [1, 15], [15, 21], [21, 19], [19, 9], [9, 20], [20, 21], [21, 15], [15, 1], [1, 0], [0, 3], [3, 17], [17, 16], [16, 17], [17, 18], [18, 29], [29, 27], [27, 26], [26, 27], [27, 28], [28, 30], [30, 3], [3, 0], [0, 2], [2, 5], [5, 2], [2, 4], [4, 2], [2, 0]], "map_986": [[0, 1], [1, 23], [23, 24], [24, 23], [23, 32], [32, 33], [33, 32], [32, 21], [21, 20], [20, 1], [1, 15], [15, 13], [13, 14], [14, 30], [30, 14], [14, 16], [16, 11], [11, 17], [17, 11], [11, 10], [10, 12], [12, 13], [13, 15], [15, 1], [1, 0], [0, 2], [2, 8], [8, 2], [2, 19], [19, 18], [18, 3], [3, 0]],